movie_id,title,genre,release_year,duration_min,language,created_at
1,Parent ever certain,Sci-Fi,1996,106,Korean,2024-04-23 19:11:56
2,Vote involve step,Sci-Fi,1996,62,Korean,2025-04-07 12:23:13
3,Front herself dark,Drama,2013,144,French,2024-06-01 07:55:48
4,Article summer campaign,Action,1996,88,Spanish,2024-05-20 18:56:29
5,Suddenly image,Romance,1999,68,Korean,2025-04-25 09:43:23
6,Office ready fish,Drama,1993,172,Indonesian,2024-08-28 15:12:05
7,Street nature,Comedy,2023,163,French,2024-04-18 20:55:07
8,Information large week miss,Drama,2014,167,German,2025-03-02 22:44:25
9,Television education,Action,1997,62,Spanish,2024-06-14 10:44:17
10,Hope suffer none,Drama,1999,100,English,2024-01-10 17:48:05
11,Seem citizen finally scene,Romance,2021,105,Japanese,2024-07-29 07:17:37
12,I work trip,Action,2021,148,German,2024-09-20 18:57:32
13,Wait particular later,Action,2018,168,Japanese,2025-01-03 17:46:57
14,Example your pretty,Comedy,2022,107,Korean,2024-08-11 00:13:18
15,Gas production,Horror,2007,141,Korean,2025-06-23 16:16:32
16,Collection which form,Animation,1994,119,German,2025-05-26 18:27:32
17,No Mr,Comedy,1992,143,Korean,2025-03-26 19:55:56
18,Five light,Drama,2023,122,German,2025-04-17 09:41:02
19,Skin,Drama,2021,71,Korean,2024-12-11 05:02:34
20,Common different,Comedy,2001,156,French,2024-10-15 00:19:14
21,Low drive ever,Romance,2008,158,English,2025-01-08 16:20:41
22,Suffer be,Sci-Fi,2023,145,German,2025-01-31 18:18:30
23,Above nor,Sci-Fi,1990,66,French,2024-08-26 09:19:48
24,Herself consider,Sci-Fi,1991,106,Indonesian,2024-12-02 17:28:18
25,Billion early measure,Comedy,2015,141,Indonesian,2024-10-27 17:59:53
26,Job doctor stock,Horror,1998,147,English,2025-03-18 20:25:57
27,Community grow choice,Animation,1999,80,English,2024-05-01 08:28:49
28,Model environmental decade,Sci-Fi,2005,148,German,2024-09-28 20:06:21
29,Indicate kind,Animation,1997,131,German,2024-08-06 05:42:18
30,Team allow anything,Action,2008,63,Spanish,2024-05-20 10:54:00
31,Specific cost actually,Action,1994,82,Japanese,2025-07-19 15:11:00
32,Really,Drama,2000,170,German,2025-04-13 23:20:45
33,Same these despite,Drama,2018,161,Spanish,2024-01-01 16:10:30
34,Us media positive,Comedy,2024,62,Spanish,2025-07-05 09:40:59
35,Provide member early,Drama,2021,142,German,2025-01-31 02:29:52
36,Wrong discussion,Romance,2018,156,Korean,2025-07-31 12:52:15
37,Whether well,Thriller,2017,118,Korean,2024-02-22 19:09:05
38,Standard senior argue population,Animation,2001,106,Indonesian,2024-04-02 17:02:54
39,Family onto keep,Comedy,2015,112,Japanese,2025-03-08 02:21:33
40,Safe team,Animation,1993,99,Spanish,2025-07-17 01:15:04
41,The occur,Sci-Fi,2022,146,Japanese,2024-05-13 08:07:22
42,Perform argue,Horror,2022,128,German,2024-09-28 01:37:16
43,That brother that,Animation,2019,71,German,2024-08-06 18:33:00
44,Especially necessary stock,Horror,2023,63,Spanish,2024-05-14 04:33:21
45,Also cold,Drama,2000,120,Japanese,2024-12-10 15:43:22
46,Sit senior paper,Animation,2004,64,Japanese,2024-04-29 08:17:34
47,Place score,Drama,2021,172,Indonesian,2024-11-05 13:16:22
48,Item religious price,Animation,2000,124,French,2024-06-23 12:24:39
49,Thousand,Thriller,2019,114,Spanish,2024-03-30 10:18:42
50,Knowledge value,Thriller,1991,118,German,2024-01-16 20:23:13
51,Whose ahead unit image,Comedy,2025,129,Japanese,2025-01-22 17:16:58
52,Start tax,Action,2013,160,German,2025-02-17 00:17:40
53,Commercial fish skin,Drama,2001,174,Japanese,2024-11-12 19:54:14
54,Material mean degree,Thriller,2009,139,Korean,2024-07-13 05:01:52
55,Own book reality take,Comedy,1998,63,Korean,2024-02-01 22:17:32
56,Baby our fact,Action,1990,104,Spanish,2024-01-26 03:55:50
57,Imagine certainly,Animation,2010,154,Japanese,2025-05-14 22:01:16
58,Politics exist poor,Comedy,2018,97,Spanish,2024-07-20 06:57:40
59,Reflect either assume,Animation,2004,162,English,2024-01-05 13:12:08
60,Some nearly tree traditional,Sci-Fi,2024,93,German,2025-03-06 18:36:05
61,Yard fly move,Thriller,2013,168,Japanese,2025-04-09 00:08:24
62,We today part trouble,Romance,1990,67,French,2024-11-07 19:05:21
63,Real tough easy,Sci-Fi,2006,156,German,2024-04-22 22:28:04
64,Expect development,Romance,1995,141,German,2024-09-11 06:31:40
65,Authority believe,Horror,2003,99,Indonesian,2024-11-18 17:37:32
66,Population west,Animation,2011,165,German,2024-03-24 04:17:44
67,Course well hundred,Sci-Fi,1995,86,Korean,2025-02-17 23:30:48
68,Whole wife wrong,Drama,1995,178,English,2025-09-18 11:02:26
69,Firm science include rise,Animation,1995,154,Japanese,2025-03-16 21:32:44
70,Hour TV enough,Horror,2016,156,Indonesian,2025-02-14 05:48:38
71,Car,Animation,2005,94,Spanish,2025-01-23 06:59:43
72,Far system trial,Action,2005,122,Korean,2024-04-30 17:41:44
73,With car manage,Action,2023,128,Korean,2024-10-28 17:53:25
74,Practice model,Sci-Fi,2009,125,Korean,2025-03-16 15:29:16
75,Town available,Romance,1990,158,Indonesian,2025-09-09 14:25:22
76,Dream measure,Comedy,2024,107,Japanese,2025-06-19 15:43:16
77,And tax that,Horror,2009,88,Korean,2024-07-23 18:47:34
78,Bad,Horror,1998,107,Korean,2024-02-21 22:16:23
79,There,Action,2020,95,Indonesian,2024-03-07 20:42:19
80,Opportunity field,Romance,1997,72,Korean,2024-09-26 12:16:10
81,Lot building,Horror,2005,109,Korean,2024-09-29 22:36:13
82,Matter natural production,Horror,2011,119,Japanese,2025-08-11 13:11:02
83,Structure ground way,Thriller,2022,71,Korean,2024-01-30 04:05:48
84,Cell reach,Horror,2014,99,German,2024-05-05 18:45:15
85,Quite visit learn sign,Sci-Fi,1996,106,Indonesian,2024-07-21 16:57:31
86,His foot despite,Comedy,2004,131,German,2025-01-14 13:12:56
87,Out daughter interview,Comedy,2014,176,Indonesian,2025-05-23 01:39:33
88,Deep for happen,Thriller,2014,149,Indonesian,2024-12-30 07:38:49
89,Available skin,Sci-Fi,2002,147,French,2024-01-17 19:54:10
90,Natural town,Thriller,1994,102,Spanish,2024-03-25 19:59:19
91,Agreement great,Drama,1996,104,French,2025-09-09 13:07:20
92,Successful view,Romance,1999,180,Korean,2024-10-26 13:00:58
93,A,Sci-Fi,2024,63,English,2025-05-04 03:33:05
94,Forward senior,Sci-Fi,1997,147,Korean,2024-08-09 09:37:59
95,Time message too,Sci-Fi,1997,126,Korean,2024-02-07 20:43:40
96,Executive case,Drama,2019,67,English,2025-07-19 00:28:44
97,Thing Mr property series,Animation,1990,70,Korean,2024-06-30 14:50:11
98,At modern,Sci-Fi,2012,129,Korean,2024-04-16 04:28:55
99,Use from response serve,Thriller,2014,114,Japanese,2024-01-09 12:55:33
100,Movie,Action,2020,142,Korean,2025-09-18 21:36:00
101,Price spend,Action,2015,83,German,2025-01-07 06:15:40
102,Test collection,Horror,2001,122,Spanish,2024-09-20 16:05:10
103,Difficult without room,Horror,2000,72,Japanese,2025-04-06 10:56:10
104,Discuss type occur successful,Thriller,1995,106,Korean,2025-02-27 02:53:46
105,Memory tough friend training,Romance,2023,81,French,2025-03-04 08:25:42
106,Show piece significant,Horror,1995,132,Japanese,2025-01-01 11:07:44
107,Deep message,Drama,2012,110,Spanish,2024-10-15 11:11:54
108,Your once pick,Action,2007,178,Indonesian,2024-11-03 22:28:17
109,City quickly,Action,2018,67,Korean,2024-02-02 00:42:52
110,Protect vote culture six,Sci-Fi,2019,111,French,2024-07-18 18:40:09
111,Language road,Comedy,2004,126,French,2024-05-28 07:00:45
112,Movement,Action,2022,85,German,2024-10-19 19:17:18
113,Standard land discover,Comedy,2016,74,Spanish,2024-04-27 18:24:14
114,Report politics,Comedy,2023,168,Korean,2025-01-11 23:25:08
115,Line force figure,Animation,2024,162,Korean,2025-07-24 00:47:00
116,Best really,Animation,2004,173,German,2024-04-21 17:49:30
117,Of bring world,Comedy,2010,180,English,2024-04-18 02:19:39
118,Course situation sometimes,Animation,2006,177,German,2025-05-25 16:33:14
119,So never,Thriller,2013,81,Indonesian,2024-08-29 10:51:45
120,Wear red,Animation,2018,97,Korean,2024-06-26 01:09:59
121,Usually scientist throw,Romance,2003,60,English,2024-02-05 18:14:29
122,Work care,Action,2011,129,French,2025-02-11 03:51:50
123,Tax across,Romance,1996,129,Spanish,2024-12-20 01:04:40
124,Let anything contain,Drama,1994,107,Indonesian,2024-03-15 14:01:03
125,Like,Drama,2017,110,Japanese,2025-08-02 16:11:50
126,Growth assume,Drama,2015,71,Korean,2025-03-25 12:40:01
127,Break entire way,Romance,1990,131,French,2025-01-10 17:39:26
128,Relationship popular look hope,Drama,1999,91,Indonesian,2025-04-18 00:04:10
129,Skin movement learn,Romance,2014,124,English,2025-05-31 17:19:29
130,Billion until,Comedy,2025,83,French,2024-03-10 20:06:41
131,Change hand,Horror,1997,95,Korean,2024-09-05 01:06:23
132,Memory including,Horror,2015,78,Korean,2024-07-30 05:07:56
133,Mind not,Romance,2005,63,English,2025-01-02 10:27:06
134,Explain staff career,Sci-Fi,1991,85,Spanish,2024-10-11 20:22:39
135,Somebody dark leader smile,Action,1992,77,French,2024-12-17 19:03:06
136,Effort,Drama,2016,131,English,2024-02-21 15:20:20
137,Popular door,Action,2024,137,French,2024-01-15 11:39:35
138,Color health its,Thriller,2022,86,Japanese,2024-04-29 19:04:57
139,Main surface agent,Sci-Fi,2004,134,Indonesian,2025-06-06 22:07:49
140,Phone,Comedy,2012,178,French,2025-08-24 10:01:03
141,Suddenly if past,Drama,1990,153,Japanese,2025-04-20 00:30:44
142,Trip very word,Horror,1994,101,German,2024-08-20 21:35:48
143,Improve main available,Action,2011,179,French,2025-06-02 07:12:55
144,Teacher by late,Horror,1990,161,German,2024-04-21 09:12:26
145,Present put country,Animation,2003,100,Indonesian,2024-03-28 12:36:51
146,Into skin quite better,Romance,2021,88,German,2025-08-04 17:43:17
147,Kid top right,Animation,2013,100,French,2025-02-04 10:26:59
148,American on,Sci-Fi,2007,65,English,2024-01-12 16:30:23
149,Stand your,Romance,2004,61,Japanese,2024-04-11 13:01:53
150,Third city,Romance,2012,154,Indonesian,2024-09-18 20:47:52
151,Usually short education,Drama,2003,175,German,2024-03-16 04:20:24
152,Collection,Horror,2003,180,Indonesian,2025-08-28 22:22:54
153,Rock,Action,2007,153,Japanese,2025-06-11 22:56:07
154,Why individual there,Romance,2006,174,Japanese,2025-08-09 20:23:52
155,System future organization,Animation,2005,123,Japanese,2025-04-09 21:14:06
156,Enough summer,Horror,2001,79,Spanish,2024-12-13 23:06:05
157,Health during forget,Comedy,2014,71,Indonesian,2024-03-01 16:25:50
158,Drop her yes,Sci-Fi,2018,138,Korean,2024-12-05 14:47:31
159,Pay,Comedy,2001,124,Spanish,2025-01-30 04:57:06
160,At whole ground,Comedy,1996,102,German,2025-09-19 09:35:17
161,Team choice song,Comedy,1990,141,French,2024-08-30 15:15:53
162,Game,Romance,1998,101,German,2025-01-29 06:24:35
163,Can today kitchen,Sci-Fi,1992,81,French,2024-12-20 06:34:04
164,Mrs add,Romance,2019,92,Japanese,2024-05-13 13:07:55
165,Change,Horror,2008,89,Korean,2024-04-06 19:20:21
166,Available lose fly,Drama,2019,109,English,2024-04-21 06:11:05
167,Step student,Animation,1993,94,Japanese,2024-08-30 23:21:42
168,So,Comedy,2018,171,Korean,2024-08-09 06:30:25
169,Tonight prepare discussion father,Drama,2021,120,Korean,2024-02-16 07:41:04
170,Room federal say,Drama,1996,145,Japanese,2024-05-17 17:09:57
171,Ten ability remain,Horror,1998,149,Korean,2024-08-28 04:53:35
172,Year energy lose,Thriller,1991,162,Indonesian,2024-02-03 09:36:50
173,Nearly,Action,1991,162,Indonesian,2025-06-12 17:36:14
174,Local item treatment,Horror,2017,145,German,2024-02-11 18:19:17
175,If again,Thriller,1998,135,French,2024-12-13 13:51:43
176,Near stuff truth,Horror,2003,84,German,2024-01-20 21:30:21
177,Experience staff black involve,Action,2025,142,Korean,2025-05-10 09:21:38
178,Shoulder note,Action,2006,61,Spanish,2025-02-21 05:03:26
179,Heavy child,Comedy,1991,178,Spanish,2024-10-27 03:51:10
180,Throw day keep,Sci-Fi,1994,69,German,2025-02-18 14:05:48
181,Senior,Thriller,1991,120,Indonesian,2024-12-30 00:07:47
182,Beat participant,Animation,1997,174,Korean,2024-09-10 17:39:46
183,All professional fall,Horror,2021,122,Japanese,2024-01-23 08:18:01
184,Camera red or,Thriller,2002,149,Indonesian,2025-06-12 13:52:38
185,Ball parent,Romance,1995,99,French,2024-09-10 13:42:58
186,Never in law world,Comedy,2008,65,German,2025-02-23 03:22:35
187,Sign cover,Comedy,1995,90,English,2025-09-18 20:27:20
188,Network best series country,Animation,2023,173,Korean,2024-12-10 19:02:00
189,Against attorney claim,Animation,2024,94,German,2025-06-02 05:57:55
190,Story deal,Thriller,2000,133,Indonesian,2025-04-03 21:28:24
191,Card free,Animation,2023,104,Japanese,2024-01-07 20:41:43
192,Win fill,Drama,1990,101,Spanish,2024-12-15 14:11:51
193,Beautiful likely weight,Action,2017,107,Spanish,2024-12-18 08:04:44
194,Value the,Comedy,2024,142,German,2025-01-10 18:14:30
195,North shoulder,Thriller,2021,80,French,2024-12-23 09:20:42
196,Life sister official,Thriller,1997,90,Japanese,2024-12-16 15:25:53
197,Dream evidence music,Sci-Fi,1996,98,German,2024-02-19 15:50:34
198,Option drug week,Thriller,1998,85,Indonesian,2025-05-11 08:17:51
199,Other couple positive century,Thriller,1992,159,Spanish,2024-07-24 14:03:00
200,Well owner about,Romance,2013,138,Korean,2024-05-15 18:15:54
201,Late wall add though,Sci-Fi,2023,160,Spanish,2024-05-12 07:01:45
202,National me film,Drama,2004,115,Spanish,2025-03-16 03:49:13
203,Opportunity meet system add,Action,2004,175,Indonesian,2024-09-01 22:15:43
204,Plan billion,Action,2023,160,German,2025-04-01 20:10:36
205,Weight born reach up,Romance,2014,106,Japanese,2025-08-14 23:49:17
206,How during,Comedy,1994,143,Korean,2025-05-28 14:15:23
207,Always this pass,Animation,2009,66,Korean,2025-01-06 04:09:37
208,Also what,Animation,2001,146,Indonesian,2024-11-02 07:33:58
209,Dinner store when,Action,2023,120,English,2024-11-09 18:30:06
210,Billion artist religious five,Sci-Fi,1995,117,French,2024-01-06 10:47:24
211,Blood road,Romance,2023,178,Japanese,2024-04-01 09:09:26
212,Group mouth without,Romance,2020,87,Indonesian,2024-10-04 23:11:17
213,Have sister color,Romance,2008,65,Korean,2024-09-04 16:56:52
214,Build seek,Action,2001,108,English,2025-08-01 17:32:40
215,True until,Thriller,2013,93,English,2025-02-12 11:23:48
216,Computer,Animation,2000,66,German,2024-09-14 20:32:19
217,Involve,Sci-Fi,1999,97,English,2024-03-12 05:25:39
218,Because travel marriage recognize,Animation,2015,111,English,2024-02-24 13:23:46
219,Pay spend citizen,Comedy,1994,127,Indonesian,2025-05-05 18:19:57
220,Firm learn,Horror,2001,157,Indonesian,2024-01-19 03:33:08
221,Relationship especially,Thriller,2011,81,German,2024-03-21 21:43:04
222,Buy garden,Sci-Fi,2011,79,Spanish,2025-08-14 11:00:35
223,After help,Romance,2018,95,French,2024-04-25 07:03:39
224,Become college,Comedy,2020,85,Spanish,2024-06-14 22:45:03
225,Serve public him,Comedy,1992,121,Indonesian,2025-06-06 13:28:27
226,Policy or sing,Animation,2022,89,German,2024-05-29 19:57:00
227,Popular strong film,Drama,2018,160,Spanish,2024-04-04 05:31:38
228,Approach would yet,Animation,1990,131,Korean,2025-03-07 14:14:47
229,Deep travel,Drama,1992,148,Spanish,2024-01-30 20:18:53
230,Drug store,Sci-Fi,1999,116,English,2024-05-31 09:36:05
231,Beat clear environment,Romance,2025,99,Japanese,2025-05-27 11:07:52
232,Address develop subject real,Romance,2001,174,English,2024-02-11 21:31:55
233,Century sing,Animation,2023,99,German,2024-03-23 11:51:01
234,Reach,Horror,2000,146,English,2024-01-12 12:14:41
235,Position here,Sci-Fi,1993,130,Japanese,2024-02-22 16:07:50
236,Assume executive through perhaps,Thriller,1996,148,Indonesian,2025-01-06 12:41:09
237,Teacher factor close,Romance,1998,70,German,2024-09-10 16:33:16
238,Religious general through organization,Comedy,2017,115,English,2025-08-10 04:21:37
239,Weight prove,Sci-Fi,1995,60,Japanese,2024-12-08 07:05:03
240,One end listen,Animation,1998,157,English,2025-03-19 19:23:32
241,Mother trouble,Romance,2002,163,Spanish,2025-03-07 04:19:26
242,Commercial back,Horror,1997,161,Spanish,2025-08-26 07:44:26
243,Mrs fill,Animation,2010,90,Spanish,2025-01-04 21:24:02
244,Such,Animation,1997,149,English,2025-03-24 13:57:13
245,Able nation,Horror,2005,175,German,2024-05-14 05:24:40
246,Force trouble investment,Comedy,1996,176,German,2024-01-02 01:28:51
247,Work push,Horror,2015,134,Korean,2025-02-14 14:38:54
248,Thus,Animation,1993,104,Spanish,2024-10-24 04:43:32
249,Choice civil speak officer,Animation,2014,67,Spanish,2024-04-03 15:17:48
250,Cell throughout,Animation,2017,84,German,2025-03-23 10:11:58
251,Skill return,Comedy,2012,169,French,2024-10-18 09:09:17
252,Than about,Drama,1997,150,German,2024-03-06 16:10:29
253,Machine organization score,Sci-Fi,1992,126,German,2024-09-04 03:55:14
254,Too attorney,Animation,1999,150,English,2025-01-08 12:10:14
255,Know night break,Sci-Fi,2012,136,French,2024-05-06 18:55:30
256,Yet although fall,Romance,2009,68,Japanese,2025-09-15 06:53:32
257,Least tough true,Sci-Fi,2006,89,English,2024-07-26 02:53:54
258,Give area,Thriller,2002,93,Indonesian,2025-07-11 21:23:28
259,Far argue imagine,Comedy,1997,137,Indonesian,2025-02-05 02:42:54
260,Theory build instead mouth,Drama,2020,160,Japanese,2024-06-08 11:18:18
261,Doctor culture break,Horror,1993,64,English,2025-06-16 00:31:41
262,Wind improve agent,Horror,2013,134,German,2024-02-13 16:43:55
263,President,Action,2012,165,Spanish,2025-08-13 21:48:57
264,Country realize how,Drama,1998,116,Japanese,2024-04-20 00:16:47
265,Specific change,Thriller,1991,172,Spanish,2024-01-04 21:03:07
266,School bit when,Drama,2019,83,Korean,2024-08-21 05:38:47
267,Activity key,Action,2000,79,Spanish,2025-09-16 22:26:52
268,Better figure charge market,Action,1991,123,Indonesian,2024-06-27 15:06:18
269,Experience section,Horror,2001,141,German,2024-11-30 15:19:31
270,Daughter,Thriller,2003,118,Spanish,2025-08-06 23:03:20
271,Worker,Animation,2015,77,German,2025-06-21 02:50:51
272,Star pick himself feel,Drama,2024,148,French,2024-01-28 16:06:07
273,Also agreement,Thriller,1994,126,Korean,2025-05-24 15:20:13
274,Apply,Sci-Fi,2020,162,Indonesian,2025-01-24 08:59:41
275,Despite light,Comedy,2024,88,Spanish,2025-01-04 19:35:52
276,Field south board recent,Action,2018,128,French,2025-08-19 16:51:15
277,Road room camera,Sci-Fi,1996,73,Indonesian,2024-01-24 02:14:09
278,To lot,Comedy,2023,60,Indonesian,2024-07-31 07:39:06
279,Dog throw,Horror,2024,129,Korean,2025-01-25 14:49:28
280,Unit way instead,Thriller,2003,71,Korean,2025-03-14 12:15:59
281,What by,Drama,1992,170,Japanese,2025-04-11 09:38:59
282,North,Comedy,2014,131,Spanish,2025-08-24 15:25:49
283,Prevent consumer hear,Animation,1997,136,Spanish,2025-02-28 16:15:31
284,Pass nothing list,Drama,2010,122,English,2025-09-04 22:14:34
285,Low second,Drama,2012,116,Indonesian,2025-07-10 13:41:37
286,Meeting reflect,Drama,2020,65,German,2025-01-11 09:49:45
287,Staff,Action,2025,150,German,2025-03-02 11:22:01
288,Success,Drama,2004,162,French,2025-04-17 19:16:54
289,Accept option religious,Thriller,1990,103,German,2024-04-23 05:54:49
290,Ball accept action,Comedy,2008,113,German,2024-05-22 16:48:39
291,Mouth section appear,Sci-Fi,2017,102,Spanish,2025-05-07 09:48:19
292,Whether chance leave,Drama,2016,93,Spanish,2024-03-26 23:23:07
293,Represent discuss,Romance,1993,68,Indonesian,2025-08-02 02:03:55
294,Special issue population,Horror,2011,117,French,2024-01-02 02:38:33
295,All simply,Sci-Fi,2008,94,Japanese,2024-01-10 23:19:57
296,Vote probably,Animation,2025,110,French,2025-06-07 04:59:33
297,Beat feel say,Animation,2022,160,German,2024-01-19 02:32:55
298,True evening,Horror,1993,147,French,2025-08-14 01:13:06
299,Road,Romance,2007,155,Indonesian,2024-04-12 23:24:34
300,If upon generation,Sci-Fi,2003,165,English,2025-09-15 09:38:12
301,Responsibility use,Drama,1999,143,Korean,2025-07-12 07:57:32
302,Property sense direction,Action,2023,125,English,2024-09-22 16:46:46
303,Foreign make,Sci-Fi,2010,118,Japanese,2024-02-03 12:21:18
304,Forget available ask,Animation,2008,125,English,2024-09-19 22:02:07
305,Movement despite,Thriller,2003,152,Indonesian,2024-10-23 00:33:39
306,Fine range dark,Animation,2017,121,Korean,2025-01-07 14:46:41
307,Claim moment,Action,2006,140,Korean,2024-08-24 04:24:34
308,Fight court,Animation,1993,83,English,2025-03-17 08:48:23
309,Fire be more,Comedy,2017,112,English,2025-01-26 21:16:20
310,Late blue,Drama,2007,133,Spanish,2025-03-29 10:22:39
311,Begin senior,Drama,1992,117,Indonesian,2025-01-21 11:13:23
312,Step,Action,2005,116,Indonesian,2025-09-01 08:39:37
313,Word item commercial,Thriller,1993,79,Korean,2024-10-07 18:57:11
314,Art Congress he,Horror,1993,68,French,2025-07-21 23:26:20
315,Fly blood fine,Drama,2004,102,Spanish,2025-04-30 00:34:42
316,Relationship cup,Action,2010,82,English,2024-06-03 20:06:05
317,Movement she,Comedy,2019,167,English,2024-04-18 19:39:17
318,One house style,Thriller,1991,95,Indonesian,2024-01-23 10:10:45
319,But today experience,Horror,1999,61,Spanish,2024-12-16 12:56:33
320,Girl phone brother,Action,2001,166,German,2024-03-17 21:52:27
321,Baby economic,Comedy,2009,153,Japanese,2024-09-28 07:13:41
322,Car,Comedy,1999,146,Indonesian,2024-06-02 11:52:28
323,Production look,Drama,2018,94,English,2024-02-14 22:11:27
324,Ask strategy none short,Animation,1990,169,English,2024-02-21 06:16:14
325,Trouble fall remain,Horror,1993,79,German,2025-02-02 07:56:02
326,Rock them,Horror,2021,111,Spanish,2024-11-14 02:58:20
327,Size at three,Horror,2023,128,English,2024-04-20 09:55:23
328,Military skin close,Horror,2016,128,Spanish,2024-07-09 14:37:52
329,Cover part amount,Thriller,1996,170,English,2025-09-06 19:38:47
330,Each job,Horror,2009,60,Indonesian,2025-05-28 23:52:47
331,Model mention,Romance,2008,170,Spanish,2024-06-16 20:50:09
332,Decade in operation,Animation,1996,99,Korean,2025-04-18 19:21:15
333,Have guess we,Action,1997,125,Japanese,2025-03-31 01:25:32
334,Wait authority common,Comedy,1993,147,Japanese,2024-10-30 09:23:33
335,Southern environmental,Horror,2013,125,Indonesian,2025-07-18 23:16:27
336,Sense now give,Sci-Fi,1999,61,English,2025-03-20 15:53:20
337,Generation development food,Action,2003,96,Spanish,2024-02-15 23:00:21
338,Former language,Horror,2025,86,Japanese,2024-12-14 21:06:07
339,Parent involve,Horror,2022,146,Korean,2024-03-18 00:34:34
340,Investment process quite,Drama,2004,145,Japanese,2024-10-29 21:22:35
341,Senior list structure,Horror,2018,68,German,2025-03-26 23:21:38
342,Night,Comedy,2012,115,Japanese,2025-01-09 03:53:50
343,Notice west,Action,2011,113,French,2024-03-22 19:09:47
344,Concern build,Drama,2001,156,French,2024-11-09 00:10:03
345,Writer through,Romance,1990,148,Indonesian,2025-05-22 05:02:20
346,There fall might,Sci-Fi,2014,73,French,2025-01-17 13:01:53
347,Reason assume,Drama,1993,113,English,2024-12-31 18:23:21
348,Baby appear blood,Sci-Fi,2003,135,Spanish,2024-08-31 07:16:14
349,Finally plan parent think,Thriller,2015,131,French,2024-07-11 22:09:17
350,With,Drama,2017,111,Indonesian,2024-01-03 03:33:30
351,Smile hundred,Thriller,2018,177,German,2024-07-09 16:15:07
352,Question economy group,Horror,2005,178,Spanish,2025-06-18 13:25:03
353,Republican thing drug see,Sci-Fi,2017,73,Spanish,2024-08-24 19:13:14
354,Performance organization think stand,Horror,1996,99,Indonesian,2025-08-07 03:52:28
355,Director rich order,Horror,1991,164,Korean,2025-08-14 17:07:23
356,Local weight better,Romance,1990,141,Spanish,2025-04-19 01:18:46
357,Career past improve,Romance,2000,152,Japanese,2024-04-17 16:01:01
358,Vote morning word,Horror,2007,103,English,2025-01-20 13:08:03
359,Sport loss different,Sci-Fi,2010,72,Spanish,2025-08-18 23:44:08
360,Son attorney,Sci-Fi,1997,177,Korean,2025-09-18 08:11:32
361,Adult discuss,Drama,1993,64,Indonesian,2025-05-16 23:20:33
362,Finish seat,Sci-Fi,2023,160,English,2024-09-08 11:32:12
363,Plan fact,Drama,1991,164,Japanese,2025-02-16 16:20:59
364,Trial do recently,Thriller,2014,65,French,2024-04-13 16:59:21
365,Own color above,Thriller,2010,124,Korean,2025-04-21 06:15:42
366,Figure speak,Sci-Fi,1992,73,Spanish,2025-01-12 06:03:36
367,Network play rest,Thriller,2019,137,Korean,2025-03-23 11:28:31
368,Present some inside,Drama,1999,148,Korean,2025-06-06 04:45:40
369,Door single,Action,2023,106,Indonesian,2025-05-10 18:44:09
370,Music process response,Animation,1994,106,Japanese,2025-02-16 11:28:03
371,Five turn to,Romance,1991,102,Indonesian,2024-03-22 03:36:18
372,Either process,Romance,2025,64,French,2024-10-06 16:27:15
373,Finally cell good,Action,2014,85,English,2025-09-07 01:29:58
374,Blue any,Drama,1999,95,Japanese,2025-09-18 12:10:18
375,Hit alone history only,Action,2011,100,French,2025-01-24 05:39:55
376,Themselves career,Drama,2005,154,French,2024-05-24 16:47:58
377,Room become mean,Thriller,2016,76,French,2025-08-28 02:14:28
378,Strong age likely,Thriller,2013,61,Korean,2025-02-12 11:32:17
379,Also woman,Romance,2025,119,German,2024-03-04 09:06:28
380,Purpose book bank,Action,2009,139,Spanish,2024-11-30 16:18:08
381,Character election,Action,2008,109,German,2024-02-19 15:29:46
382,Ok station,Drama,2011,137,Korean,2024-12-20 05:19:37
383,Often anything,Horror,2014,145,French,2025-06-04 17:28:58
384,Draw any situation,Drama,2023,102,Japanese,2025-04-25 12:42:23
385,Tend,Horror,1991,68,Spanish,2024-11-03 15:16:09
386,Start face large,Romance,2005,152,Spanish,2024-06-25 19:36:29
387,Dark institution,Animation,2021,162,Spanish,2024-01-28 04:00:48
388,Can call six,Sci-Fi,2022,121,English,2025-04-20 01:56:08
389,Practice my sense,Action,2013,124,Korean,2024-06-10 03:18:23
390,Ball,Thriller,2023,167,French,2025-07-18 12:16:56
391,Star traditional up produce,Sci-Fi,2010,77,Spanish,2024-05-26 01:34:03
392,Home television,Action,2018,144,French,2025-07-25 23:42:10
393,Situation recently these,Action,2012,110,English,2024-06-17 18:43:53
394,Truth establish close,Animation,2002,67,Indonesian,2025-05-19 02:08:39
395,Agent light during,Romance,2003,90,English,2024-11-14 22:32:39
396,Impact investment entire,Thriller,2005,101,Korean,2025-01-01 06:04:09
397,All discover,Horror,1995,129,Korean,2024-03-03 00:08:54
398,Financial,Drama,1993,104,Japanese,2025-01-25 00:49:14
399,Ready nice,Action,1995,156,Japanese,2024-01-14 13:44:53
400,Sport whose,Horror,2024,121,German,2025-02-19 18:23:17
401,Western,Thriller,2014,125,Indonesian,2024-09-07 10:31:29
402,Trial,Comedy,2005,60,Japanese,2025-04-02 18:40:38
403,Relationship remember,Animation,2023,153,Indonesian,2025-01-17 11:49:46
404,Them coach thus instead,Animation,1990,168,German,2025-01-27 23:36:07
405,Environment budget,Romance,2000,89,Japanese,2024-09-23 09:52:13
406,Hard hospital,Thriller,2014,105,German,2025-04-21 11:20:09
407,Action couple course,Romance,2009,138,Indonesian,2024-09-18 21:12:44
408,Color face amount half,Animation,2021,89,Spanish,2024-07-13 23:04:53
409,Just help campaign morning,Comedy,2004,169,Spanish,2024-07-07 21:23:05
410,Power read discussion,Romance,2013,119,English,2024-09-03 13:12:42
411,Painting why what,Drama,2019,172,English,2025-09-18 20:07:52
412,Side yard politics,Romance,2025,72,Indonesian,2024-08-09 08:54:54
413,Bring like property,Sci-Fi,2023,99,Indonesian,2024-01-12 17:17:40
414,Dark stop information,Animation,2000,98,Spanish,2025-01-01 01:15:54
415,Full network,Romance,1999,172,German,2025-04-06 14:44:52
416,Answer,Sci-Fi,2025,95,Spanish,2024-05-09 22:49:27
417,Fact meeting heavy fear,Thriller,2021,147,Korean,2024-05-16 11:52:44
418,Tonight building,Comedy,2023,110,Korean,2024-09-23 17:05:02
419,Family person,Sci-Fi,1994,102,Spanish,2025-05-11 14:40:55
420,Occur,Horror,2010,121,Korean,2024-03-12 18:13:53
421,Increase,Drama,2019,150,French,2025-08-15 21:29:14
422,Step career so,Animation,2001,116,Korean,2025-07-31 07:37:41
423,Its increase,Animation,2003,157,Spanish,2024-09-16 16:00:09
424,Have art,Thriller,2004,135,Korean,2024-04-25 15:59:09
425,Daughter all experience,Thriller,2005,60,Japanese,2024-12-24 20:55:18
426,Matter who,Thriller,2021,153,Japanese,2024-10-07 10:31:32
427,Government trade rise,Romance,2007,167,Korean,2024-01-31 18:19:45
428,Step with,Animation,2003,153,French,2025-02-08 23:09:49
429,Happen play value,Action,2009,145,Japanese,2024-06-29 19:52:46
430,Back thank,Romance,2015,160,Japanese,2025-06-18 00:27:34
431,Leg yet clearly,Animation,2012,135,Japanese,2025-01-07 13:52:21
432,Establish around really,Animation,2016,111,Indonesian,2024-07-13 08:20:42
433,Claim,Romance,1990,168,Indonesian,2024-02-16 18:07:53
434,Increase even,Thriller,1996,77,Indonesian,2025-09-07 00:41:11
435,This why,Sci-Fi,1995,120,Korean,2025-05-21 00:18:27
436,Central myself,Action,1999,108,Spanish,2024-10-02 18:34:19
437,Order member item,Romance,1996,80,French,2025-02-17 11:07:30
438,Federal from,Romance,1992,60,Indonesian,2025-01-06 01:01:54
439,Election star,Thriller,2015,107,Spanish,2024-06-11 00:54:15
440,Make only,Comedy,2008,61,Indonesian,2024-06-05 12:54:08
441,Recently she,Comedy,1990,63,French,2024-07-08 20:04:17
442,Soldier company score in,Drama,1998,92,Indonesian,2024-11-08 07:27:29
443,Let through,Romance,2017,180,French,2024-01-05 02:03:29
444,Wide central,Thriller,2006,87,German,2025-06-25 11:09:28
445,Hundred,Action,2010,128,Korean,2024-07-31 18:13:37
446,Best arm election,Drama,2010,87,Spanish,2025-03-01 03:04:00
447,Majority strong seven,Drama,1990,107,Japanese,2025-01-09 09:10:42
448,Necessary whom within,Drama,2016,174,Korean,2025-08-03 20:40:55
449,Southern gun,Horror,2006,130,English,2024-02-12 18:24:12
450,Hour back store someone,Horror,2009,82,German,2024-01-07 13:31:00
451,Generation,Comedy,1994,84,Korean,2024-06-10 08:40:48
452,Wife,Comedy,2002,114,Spanish,2024-04-11 16:20:26
453,Laugh political,Sci-Fi,1994,68,Spanish,2025-02-08 04:19:18
454,Group whose,Animation,2010,133,Spanish,2025-02-20 21:05:21
455,Old,Drama,1996,145,Korean,2025-09-18 02:15:22
456,Point better receive,Action,2013,165,Japanese,2024-01-02 23:31:31
457,Continue generation every sing,Action,2016,112,German,2024-03-05 03:34:15
458,Month like,Horror,2011,162,English,2025-07-01 20:25:54
459,Society against southern individual,Drama,2021,159,Spanish,2024-05-31 16:51:11
460,Vote lot general,Sci-Fi,2007,125,German,2024-08-17 13:01:42
461,Opportunity of threat,Animation,2021,77,Japanese,2024-05-30 23:41:29
462,Early,Horror,1998,125,Indonesian,2024-12-11 04:20:18
463,Air from week,Horror,2001,87,Korean,2024-03-05 10:04:20
464,Floor economy sport,Thriller,2013,171,English,2024-11-26 08:34:59
465,New drug person,Action,2003,75,Indonesian,2024-04-16 17:58:54
466,Say nature growth for,Romance,2011,74,Korean,2024-07-12 19:05:31
467,Situation major skill,Drama,1996,176,German,2024-04-18 00:33:25
468,Join song good,Animation,1991,115,Indonesian,2025-08-24 08:30:13
469,Process month fast,Sci-Fi,1990,76,Spanish,2024-05-12 06:45:40
470,Sell certain,Horror,1994,121,Korean,2024-01-22 18:57:49
471,Send hospital perform friend,Sci-Fi,1999,132,German,2024-01-29 10:38:11
472,Top size product,Comedy,2023,96,Spanish,2024-05-23 20:01:49
473,Wind couple,Thriller,2024,139,Spanish,2025-03-06 21:50:20
474,Ago continue behavior wait,Sci-Fi,1990,107,French,2024-06-19 02:59:10
475,Gun fact color,Drama,2006,61,German,2025-07-24 19:27:33
476,Cultural find central,Comedy,2011,180,German,2024-02-23 04:36:10
477,Modern leave,Horror,2025,116,Indonesian,2025-03-05 04:07:12
478,Generation member shoulder,Sci-Fi,1999,131,Japanese,2024-08-26 19:36:51
479,Surface line enjoy,Thriller,2015,100,Indonesian,2024-04-19 16:45:22
480,Page none focus,Action,2003,131,Spanish,2025-01-31 19:36:07
481,Century wrong,Action,2019,85,English,2024-09-25 22:59:25
482,Director purpose,Action,2015,115,Korean,2024-11-18 23:10:51
483,Sense respond,Drama,2014,142,French,2024-07-10 15:11:11
484,Organization skin own,Drama,1990,63,Japanese,2024-10-29 07:27:14
485,Human,Thriller,2000,165,Spanish,2025-05-04 14:39:30
486,Common nice change,Horror,2015,118,Spanish,2024-08-23 08:58:17
487,Traditional garden result,Romance,1998,166,Spanish,2024-09-10 19:08:17
488,Newspaper be voice,Sci-Fi,2018,177,Spanish,2024-07-01 09:49:42
489,Yes stuff represent,Romance,2007,135,German,2024-01-16 23:47:49
490,Old group,Thriller,1997,111,German,2025-04-27 08:11:45
491,Art style,Sci-Fi,2005,105,Japanese,2024-06-15 17:50:45
492,Trip you,Horror,2021,105,French,2024-03-19 03:13:15
493,Mother thing forget,Comedy,2013,127,French,2025-01-20 16:41:06
494,Conference others star,Comedy,1995,141,French,2024-02-13 11:32:15
495,Week,Comedy,2022,114,Korean,2025-04-25 06:17:12
496,Huge wonder,Horror,2008,142,Japanese,2024-03-30 15:50:35
497,If direction,Thriller,2015,94,English,2024-08-28 18:27:41
498,Whom fine,Horror,2009,62,French,2025-07-26 09:45:33
499,Owner summer major,Action,2005,154,Korean,2025-03-21 04:56:36
500,Fish other him,Romance,2025,84,French,2024-02-16 22:40:07
501,Feel white world,Comedy,2008,166,English,2024-09-29 06:13:13
502,Soon scene example,Romance,2001,148,English,2025-08-22 17:07:46
503,According above,Comedy,2014,127,Japanese,2025-06-27 17:00:52
504,Little others,Thriller,1996,115,Japanese,2025-02-15 08:43:38
505,Themselves at everyone,Romance,1992,177,French,2024-07-02 03:06:37
506,Else reduce,Romance,1998,115,Spanish,2025-02-10 01:44:54
507,Free film yet,Drama,1994,153,French,2024-09-22 01:14:27
508,Resource word,Animation,2022,127,Indonesian,2024-12-09 20:23:55
509,Whom,Animation,2006,170,Spanish,2024-07-23 02:28:18
510,If skill skill,Action,1992,113,French,2024-01-23 16:23:38
511,And yeah kid,Action,2014,79,German,2024-03-19 08:32:23
512,Poor operation future,Romance,1995,93,Korean,2025-05-18 04:51:06
513,Provide network,Drama,1997,161,German,2024-11-18 20:22:48
514,Every key,Thriller,1991,120,Japanese,2024-06-11 03:16:36
515,Water reflect former main,Drama,1992,137,Japanese,2024-02-17 08:40:01
516,Part major learn,Romance,2016,89,Indonesian,2024-08-12 01:51:46
517,Wonder second last car,Sci-Fi,2002,169,Spanish,2025-01-28 04:13:41
518,Sea describe edge factor,Action,2011,145,Spanish,2024-05-30 03:57:39
519,Green because information,Romance,2019,157,French,2024-08-25 15:42:02
520,Nature no guy,Thriller,2002,131,English,2025-08-17 10:37:33
521,Bar,Drama,2017,105,Indonesian,2024-09-26 14:18:54
522,Four,Animation,1990,74,French,2025-01-22 21:40:06
523,Mother give agree,Horror,2018,150,Japanese,2025-05-23 13:41:36
524,Something consumer author,Comedy,1993,174,French,2024-11-17 10:50:17
525,East understand subject,Thriller,2019,134,Korean,2024-12-02 13:57:29
526,Himself seven,Animation,2010,60,German,2025-07-26 01:28:34
527,No type court,Thriller,2004,180,Indonesian,2025-06-02 08:22:02
528,Voice sound part,Horror,2008,152,Korean,2024-09-18 04:16:33
529,Affect choice sometimes,Thriller,2016,78,Spanish,2024-09-07 20:05:34
530,Later water,Thriller,1996,159,Korean,2024-11-22 08:35:41
531,General maybe subject,Drama,2004,122,Indonesian,2025-02-10 06:22:09
532,Left close something,Romance,2017,76,Korean,2025-08-25 03:58:56
533,Trouble will,Sci-Fi,2000,78,Japanese,2024-01-23 20:42:22
534,White husband,Thriller,2009,145,Korean,2024-03-20 07:39:13
535,Suffer among,Drama,1996,175,Korean,2024-03-02 02:20:20
536,Follow mission hold,Action,2006,160,Indonesian,2025-08-29 07:53:33
537,Open something shake,Romance,2016,76,Spanish,2025-03-26 07:55:11
538,Detail per,Sci-Fi,2000,147,Indonesian,2025-04-01 22:34:55
539,Cold money,Comedy,2025,121,Indonesian,2024-03-10 22:15:52
540,Type statement,Animation,2022,131,Korean,2024-11-03 17:57:00
541,Between eat economy laugh,Thriller,2012,96,Japanese,2024-11-07 17:59:42
542,Old main require,Animation,2009,113,Korean,2025-08-18 00:29:48
543,Suffer me reason stop,Romance,2006,114,English,2024-08-10 16:41:49
544,Center,Comedy,2007,75,Korean,2024-01-25 16:40:08
545,Family above land,Comedy,2014,87,French,2025-04-27 08:17:24
546,Trade forward general,Drama,2014,151,Spanish,2025-07-04 06:10:33
547,Whom rise answer,Action,2011,86,Japanese,2025-02-09 17:09:06
548,Culture ability,Drama,1992,161,Indonesian,2024-10-24 08:27:29
549,Again if together,Animation,1993,61,Japanese,2024-10-26 11:07:37
550,While large finish,Drama,2016,163,Korean,2024-11-23 04:32:42
551,Meet land,Drama,2003,102,Indonesian,2025-05-05 04:36:19
552,Detail attack,Animation,1996,65,Korean,2024-08-19 03:18:58
553,Sister at,Animation,1998,150,German,2024-12-13 03:13:16
554,Music down,Horror,2021,165,Indonesian,2024-01-17 23:07:29
555,Democratic action meet,Comedy,2002,85,Japanese,2024-10-11 18:39:27
556,Detail,Action,2005,155,German,2024-02-28 03:14:37
557,Also per industry,Sci-Fi,2009,173,Spanish,2024-02-29 05:22:55
558,Structure,Horror,1995,143,Japanese,2024-09-22 10:35:16
559,Firm hour move,Comedy,2020,87,French,2025-08-08 01:24:39
560,Win thank report onto,Thriller,2004,108,French,2024-04-02 01:01:53
561,Item today,Drama,2010,93,Spanish,2025-07-20 07:12:33
562,Feeling feel attack,Drama,1998,170,English,2024-10-02 12:21:48
563,Sign check,Sci-Fi,2016,109,German,2024-06-17 02:29:38
564,Personal sign of,Romance,2012,140,Japanese,2024-10-03 10:22:37
565,Account near,Drama,2001,140,Korean,2025-01-02 19:42:22
566,Visit force wide,Comedy,2012,163,German,2024-06-08 07:51:05
567,Simply also,Animation,2001,105,German,2024-12-22 15:44:40
568,Film recent worker,Animation,1999,89,Spanish,2025-04-03 20:07:36
569,To third figure,Drama,2015,80,Korean,2025-07-05 02:57:49
570,Per nearly morning pretty,Action,2000,152,English,2025-01-04 21:29:54
571,On,Sci-Fi,2014,85,German,2024-10-09 12:01:43
572,Rise low total organization,Animation,1992,150,Indonesian,2025-01-16 09:32:51
573,Beat evening forward draw,Drama,1998,110,Korean,2024-09-20 18:47:32
574,Knowledge staff power,Animation,2000,134,Spanish,2025-03-26 01:11:11
575,Blue decide on special,Sci-Fi,1991,83,Korean,2025-06-19 18:03:19
576,Activity reduce could,Animation,2006,132,German,2025-02-11 07:56:48
577,Just cover,Drama,1998,98,French,2024-08-13 13:57:33
578,Financial cultural,Drama,2023,83,Spanish,2024-12-09 20:25:42
579,Fill single seat,Thriller,1990,162,French,2025-04-14 14:20:20
580,Tax actually,Romance,2013,75,Spanish,2024-02-07 10:43:33
581,Weight state deep,Sci-Fi,2017,75,Spanish,2025-05-02 01:17:39
582,Loss production someone,Comedy,2023,86,Indonesian,2025-08-23 16:49:47
583,Black southern idea bring,Action,2017,62,Spanish,2025-03-20 05:34:24
584,Fine lawyer dark,Thriller,2019,69,Japanese,2024-05-20 21:31:57
585,Into exactly know everything,Horror,2009,107,French,2024-07-20 11:04:05
586,But hundred service hundred,Thriller,1999,159,German,2025-02-07 02:31:29
587,Center international before,Sci-Fi,2006,103,Korean,2025-01-26 19:20:35
588,These behavior,Action,2005,166,Japanese,2025-07-26 06:51:32
589,Majority player foot,Horror,2025,178,English,2024-07-09 15:03:59
590,Drive piece,Action,2010,180,English,2024-04-29 21:28:18
591,Matter manager what smile,Comedy,1998,158,English,2024-03-30 08:08:08
592,Such know,Thriller,2011,100,French,2024-10-12 08:14:27
593,View training finally,Animation,1991,84,Japanese,2025-08-06 16:45:41
594,Add general course,Thriller,2024,147,English,2025-09-07 14:20:46
595,Condition strategy single,Sci-Fi,2014,144,French,2024-10-14 03:10:20
596,Magazine south,Animation,1995,112,Japanese,2025-04-27 21:08:33
597,Forget realize western,Animation,2015,158,Japanese,2025-06-03 17:02:45
598,Blue place,Thriller,2023,65,English,2024-05-31 20:30:14
599,Trouble ask,Romance,1998,66,Spanish,2025-09-07 13:00:18
600,Recently sport,Action,1991,146,English,2025-07-02 06:48:58
